text,type,tone,source
why did the musician get arrested he got in treble,joke,funny,joke_dataset
two guys walked into a bar the third one ducked,joke,funny,joke_dataset
why did the computer crash it had too many tabs open,joke,funny,joke_dataset
what do you call a potato in space spudnik,joke,funny,joke_dataset
why dont elephants hide in trees because they are very good at it,joke,funny,joke_dataset
why did the chicken hold a seance to get to the other side,joke,funny,joke_dataset
what do baby cows eat for lunch at the calfeteria,joke,funny,joke_dataset
what do you call a barbarian you cant see an invisigoth,joke,funny,joke_dataset
what did the car say to the valet i have been through a lot,joke,funny,joke_dataset
why did the baker have dirty hands because he kneaded dough,joke,funny,joke_dataset
what do you call a blind dinosaur a do you think he saw us,joke,funny,joke_dataset
what do you call a three humped camel pregnant,joke,funny,joke_dataset
what do you call a tiny amphibian a my newt,joke,funny,joke_dataset
why dont programmers like nature because of too many bugs,joke,funny,joke_dataset
what do you call a fake noodle an impasta,joke,funny,joke_dataset
why did the math book look sad because it had too many problems,joke,funny,joke_dataset
what do you call cheese that is not yours nacho cheese,joke,funny,joke_dataset
why did the student eat his homework because the teacher said it was a piece of cake,joke,funny,joke_dataset
why did the scarecrow win an award because he was outstanding in his field,joke,funny,joke_dataset
why dont scientists trust atoms because they make up everything,joke,funny,joke_dataset
success comes to those who keep trying despite failure,motivational,inspirational,quotes_dataset
you should focus on what you can control and let go of the rest,advice,serious,quotes_dataset
life can be painful but it teaches valuable lessons,motivational,emotional,quotes_dataset
the sky was painted with soft shades of orange and blue,description,descriptive,quotes_dataset
success comes to those who keep trying even after failure,motivational,inspirational,quotes_dataset
hard work beats talent when talent does not work hard,motivational,inspirational,quotes_dataset
believe in yourself even when no one else does,motivational,inspirational,quotes_dataset
every day is a new chance to improve yourself,motivational,inspirational,quotes_dataset
growth begins when you step out of your comfort zone,motivational,inspirational,quotes_dataset
taking small steps consistently leads to big results,advice,serious,quotes_dataset
do not rush decisions take time to think clearly,advice,serious,quotes_dataset
learn from your mistakes instead of repeating them,advice,serious,quotes_dataset
surround yourself with people who support your goals,advice,serious,quotes_dataset
life can feel overwhelming but it teaches valuable lessons,motivational,emotional,quotes_dataset
sometimes the hardest moments shape who you become,motivational,emotional,quotes_dataset
it hurts to let go but sometimes it is necessary to grow,motivational,emotional,quotes_dataset
memories can bring both happiness and pain at the same time,motivational,emotional,quotes_dataset
the silence often says more than words ever could,motivational,emotional,quotes_dataset
the sunset painted the sky with shades of orange and gold,description,descriptive,generated
the room was filled with soft light and quiet warmth,description,descriptive,generated
the city streets were crowded and full of energy,description,descriptive,generated
the mountain stood tall covered in mist and clouds,description,descriptive,generated
the ocean waves moved gently under the bright sky,description,descriptive,generated
hello how are you doing today,conversational,casual,conversation_dataset
i think you should take a break and relax for a while,advice,casual,conversation_dataset
that sounds like a really good idea to me,conversational,casual,conversation_dataset
i understand how you feel it can be tough sometimes,conversational,emotional,conversation_dataset
let me know if you need any help with that,conversational,casual,conversation_dataset
artificial intelligence allows machines to learn from data,informational,formal,wikipedia
machine learning is a method of improving performance using experience,informational,formal,wikipedia
data science involves analyzing data to extract useful insights,informational,formal,wikipedia
neural networks are inspired by the structure of the human brain,explanation,formal,wikipedia
algorithms are step by step procedures used to solve problems,explanation,formal,wikipedia
a database is a system used to store and manage information,informational,formal,wikipedia
cloud computing allows access to data and services over the internet,informational,formal,wikipedia
programming languages are used to communicate instructions to computers,explanation,formal,wikipedia
oh great another meeting that could have been an email,conversational,sarcastic,conversation_dataset
i absolutely love waiting in long lines it is my favorite activity,conversational,sarcastic,conversation_dataset
nothing feels better than your phone dying in the middle of something important,conversational,sarcastic,conversation_dataset
sure because everything always goes exactly as planned,conversational,sarcastic,conversation_dataset
what a surprise things did not work out the way you expected,conversational,sarcastic,conversation_dataset
discipline is more important than motivation when working towards goals,advice,serious,self_help
success requires consistent effort and patience over time,motivational,serious,self_help
failing is part of learning and should not be feared,motivational,serious,self_help
time management is essential for achieving productivity,advice,serious,self_help
setting clear goals helps in maintaining focus and direction,advice,serious,self_help
the rain fell steadily creating a calm and peaceful atmosphere,description,descriptive,generated
the forest was dense with tall trees and hidden paths,description,descriptive,generated
the night sky was filled with countless shining stars,description,descriptive,generated
the air felt cold and fresh as the wind moved gently,description,descriptive,generated
the old house stood quietly with a mysterious presence,description,descriptive,generated
sometimes life feels heavy and difficult to carry,motivational,emotional,quotes_dataset
there are days when everything seems to fall apart,motivational,emotional,quotes_dataset
holding on can be harder than letting go,motivational,emotional,quotes_dataset
pain often teaches lessons that comfort never could,motivational,emotional,quotes_dataset
even in darkness there is a chance for light,motivational,emotional,quotes_dataset
why did the bicycle fall over because it was too tired,joke,funny,joke_dataset
what do you call a sleeping bull a bulldozer,joke,funny,joke_dataset
why did the coffee file a police report it got mugged,joke,funny,joke_dataset
what do you call a fish wearing a bowtie sofishticated,joke,funny,joke_dataset
why did the golfer bring two pairs of pants in case he got a hole in one,joke,funny,joke_dataset
information technology involves the use of computers to manage data,informational,formal,wikipedia
software development is the process of creating applications and systems,informational,formal,wikipedia
databases store organized information for easy retrieval,informational,formal,wikipedia
cybersecurity focuses on protecting systems from digital attacks,informational,formal,wikipedia
networks allow devices to communicate and share resources,informational,formal,wikipedia
once upon a time a boy found a hidden path that changed his life,story,emotional,generated
a traveler wandered through the desert searching for meaning,story,serious,generated
the old man told stories of a world long forgotten,story,descriptive,generated
she opened the letter and her hands began to shake,story,emotional,generated
the village was silent as the storm approached,story,serious,generated
why did the tomato turn red because it saw the salad dressing,joke,funny,joke_dataset
what do you call a bear with no teeth a gummy bear,joke,funny,joke_dataset
why did the computer go to therapy it had too many issues,joke,funny,joke_dataset
i would love to help you with that just let me know what you need,conversational,casual,conversation_dataset
that sounds like a great plan you should definitely try it,conversational,casual,conversation_dataset
oh sure because everything always works perfectly the first time,conversational,sarcastic,conversation_dataset
i understand how difficult that must be for you,conversational,emotional,conversation_dataset
the product has a sleek design with a smooth metallic finish,description,descriptive,generated
the garden was filled with vibrant flowers and fresh scents,description,descriptive,generated
the building stood tall with glass walls reflecting sunlight,description,descriptive,generated
you should take time to rest and avoid burnout,advice,serious,self_help
try focusing on one task at a time to improve efficiency,advice,serious,self_help
it is important to stay consistent with your efforts,advice,formal,self_help
success is built on small efforts repeated daily,motivational,inspirational,quotes_dataset
never give up even when things feel impossible,motivational,inspirational,quotes_dataset
every setback is a step toward growth,motivational,inspirational,quotes_dataset
sometimes the hardest battles are fought silently,motivational,emotional,quotes_dataset
data analysis involves examining information to find patterns,informational,formal,wikipedia
artificial intelligence helps machines perform human like tasks,informational,formal,wikipedia
cloud systems allow users to store and access data remotely,informational,formal,wikipedia
a neural network processes data using layers of nodes,explanation,formal,wikipedia
algorithms solve problems using defined steps,explanation,formal,wikipedia
learning occurs when systems improve based on experience,explanation,formal,wikipedia
honestly this is exactly what i expected to happen,conversational,sarcastic,generated
great another problem just what we needed today,conversational,sarcastic,generated
the wind whispered softly through the trees,description,descriptive,generated
her eyes reflected a deep sense of sadness,description,emotional,generated
you need to stay focused if you want better results,advice,serious,self_help
consistency matters more than intensity in the long run,motivational,serious,self_help
failure teaches lessons that success cannot,motivational,serious,self_help
once there was a girl who chased her dreams fearlessly,story,inspirational,generated
the journey was long but it shaped who he became,story,inspirational,generated
once upon a time a girl found a hidden door in her house,story,emotional,generated
a man traveled across mountains searching for purpose,story,serious,generated
the night was silent as the village waited for dawn,story,descriptive,generated
he opened the book and discovered a forgotten world,story,inspirational,generated
she walked alone but never felt truly lost,story,emotional,generated
the storm grew stronger as the ship moved forward,story,serious,generated
a child dreamed of flying beyond the clouds,story,inspirational,generated
the forest whispered secrets to those who listened,story,descriptive,generated
he chased his goals despite constant failure,story,inspirational,generated
the journey changed him in ways he never expected,story,serious,generated
,,,
why did the scarecrow get promoted because he was outstanding in his field,joke,funny,joke_dataset
what do you call fake spaghetti an impasta,joke,funny,joke_dataset
why did the student eat his homework because it was a piece of cake,joke,funny,joke_dataset
what do you call a fish with no eyes fsh,joke,funny,joke_dataset
what do you call a cow with no legs ground beef,joke,funny,joke_dataset
hey how are you doing today,conversational,casual,conversation_dataset
i think you should give it a try,conversational,casual,conversation_dataset
i understand what you are going through,conversational,emotional,conversation_dataset
that must have been really difficult for you,conversational,emotional,conversation_dataset
oh great another problem just what we needed,conversational,sarcastic,generated
sure because everything always works perfectly,conversational,sarcastic,generated
yeah that is exactly what i expected to happen,conversational,sarcastic,generated
let me know if you need any help,conversational,casual,conversation_dataset
i will get back to you as soon as possible,conversational,formal,conversation_dataset
the room was filled with warm golden light,description,descriptive,generated
the mountains stood tall covered in mist,description,descriptive,generated
the river flowed quietly under the bridge,description,descriptive,generated
her voice was soft yet full of emotion,description,emotional,generated
the sky turned shades of orange and pink,description,descriptive,generated
the city was alive with noise and movement,description,descriptive,generated
his expression showed deep sadness,description,emotional,generated
the wind moved gently through the trees,description,descriptive,generated
the house looked old but full of stories,description,descriptive,generated
the air felt cold and refreshing,description,descriptive,generated
you should focus on your priorities,advice,serious,self_help
take small steps instead of rushing everything,advice,serious,self_help
try to stay consistent with your efforts,advice,serious,self_help
it is important to maintain balance in life,advice,formal,self_help
avoid distractions if you want better results,advice,serious,self_help
learn to say no when necessary,advice,serious,self_help
take breaks to avoid burnout,advice,casual,self_help
listen carefully before making decisions,advice,formal,self_help
do not ignore your mental health,advice,serious,self_help
focus on progress not perfection,advice,casual,self_help
success comes to those who keep trying,motivational,inspirational,quotes_dataset
never give up even when it gets hard,motivational,inspirational,quotes_dataset
every failure is a lesson in disguise,motivational,inspirational,quotes_dataset
believe in yourself and your journey,motivational,inspirational,quotes_dataset
hard work always pays off eventually,motivational,inspirational,quotes_dataset
sometimes life feels overwhelming but you must keep going,motivational,emotional,quotes_dataset
growth happens outside your comfort zone,motivational,inspirational,quotes_dataset
your mindset determines your success,motivational,serious,quotes_dataset
keep pushing even when you feel tired,motivational,emotional,quotes_dataset
small progress is still progress,motivational,casual,quotes_dataset
artificial intelligence enables machines to learn,informational,formal,wikipedia
machine learning improves systems through data,informational,formal,wikipedia
data science focuses on extracting insights,informational,formal,wikipedia
cloud computing allows remote data access,informational,formal,wikipedia
cybersecurity protects systems from threats,informational,formal,wikipedia
databases store structured information,informational,formal,wikipedia
networks connect devices for communication,informational,formal,wikipedia
programming languages control computer behavior,informational,formal,wikipedia
software development builds applications,informational,formal,wikipedia
big data refers to large complex datasets,informational,formal,wikipedia
algorithms are step by step problem solving methods,explanation,formal,wikipedia
neural networks mimic the human brain structure,explanation,formal,wikipedia
deep learning uses layered models for predictions,explanation,formal,wikipedia
training improves model accuracy over time,explanation,formal,wikipedia
features are important inputs for models,explanation,formal,wikipedia
classification assigns labels to data,explanation,formal,wikipedia
regression predicts continuous values,explanation,formal,wikipedia
clustering groups similar data points,explanation,formal,wikipedia
validation ensures model reliability,explanation,formal,wikipedia
optimization improves model performance,explanation,formal,wikipedia
honestly this is exactly what i expected,conversational,sarcastic,generated
amazing another delay just perfect,conversational,sarcastic,generated
yeah because nothing ever goes wrong right,conversational,sarcastic,generated
this is clearly the best possible outcome,conversational,sarcastic,generated
sure lets pretend everything is fine,conversational,sarcastic,generated
a young boy discovered a hidden cave behind his house,story,descriptive,generated
she followed the sound of music into the unknown forest,story,emotional,generated
the old diary revealed secrets from a forgotten past,story,serious,generated
he risked everything to chase his dream,story,inspirational,generated
the journey was long but filled with lessons,story,serious,generated
she stood alone but felt stronger than ever,story,emotional,generated
the city lights guided him through the dark night,story,descriptive,generated
he learned that failure was not the end,story,inspirational,generated
the silence of the room felt overwhelming,story,emotional,generated
they built a life from nothing but hope,story,inspirational,generated
the waves crashed as the ship sailed forward,story,descriptive,generated
she smiled even when things were falling apart,story,emotional,generated
the stranger carried a mysterious message,story,serious,generated
he never imagined his decision would change everything,story,serious,generated
the child laughed without a care in the world,story,descriptive,generated
why did the computer go to the doctor it caught a virus,joke,funny,joke_dataset
what do you call a dinosaur with an extensive vocabulary a thesaurus,joke,funny,joke_dataset
why did the golfer bring extra socks in case of a hole in one,joke,funny,joke_dataset
what do you call a belt made of watches a waist of time,joke,funny,joke_dataset
why did the cookie go to the hospital because it felt crummy,joke,funny,joke_dataset
what do you call a dog magician a labracadabrador,joke,funny,joke_dataset
why did the calendar get stressed it had too many dates,joke,funny,joke_dataset
what do you call a snowman with a six pack an abdominal snowman,joke,funny,joke_dataset
why did the coffee feel sad it got roasted,joke,funny,joke_dataset
what do you call a lazy kangaroo a pouch potato,joke,funny,joke_dataset
why did the computer sit alone it had no connections,joke,funny,joke_dataset
what do you call a singing laptop a dell,joke,funny,joke_dataset
why did the banana go to the doctor it was not peeling well,joke,funny,joke_dataset
what do you call a broken pencil pointless,joke,funny,joke_dataset
why did the phone need glasses it lost its contacts,joke,funny,joke_dataset
hello what can i help you with today,conversational,formal,conversation_dataset
i think that sounds like a great idea,conversational,casual,conversation_dataset
you should definitely consider trying it,conversational,casual,conversation_dataset
i understand why you feel that way,conversational,emotional,conversation_dataset
that must have been really frustrating,conversational,emotional,conversation_dataset
oh wow another delay what a surprise,conversational,sarcastic,generated
yeah because everything always works perfectly right,conversational,sarcastic,generated
sure lets just ignore the problem,conversational,sarcastic,generated
i will look into it and get back to you,conversational,formal,conversation_dataset
please let me know if you need further assistance,conversational,formal,conversation_dataset
thanks for sharing that with me,conversational,casual,conversation_dataset
i appreciate your effort on this,conversational,casual,conversation_dataset
this situation sounds really tough,conversational,emotional,conversation_dataset
i completely understand your concern,conversational,formal,conversation_dataset
great just what we needed another issue,conversational,sarcastic,generated
the garden was filled with colorful blooming flowers,description,descriptive,generated
the sky turned dark as clouds gathered slowly,description,descriptive,generated
the air smelled fresh after the rain,description,descriptive,generated
his voice carried a tone of deep sadness,description,emotional,generated
the building had a modern glass exterior,description,descriptive,generated
the room felt warm and welcoming,description,descriptive,generated
her eyes reflected a sense of hope,description,emotional,generated
the street was busy with people and noise,description,descriptive,generated
the wind was strong and cold,description,descriptive,generated
the house looked quiet and abandoned,description,descriptive,generated
the sunset created a beautiful horizon,description,descriptive,generated
the silence was both peaceful and unsettling,description,emotional,generated
the lights flickered in the dark hallway,description,descriptive,generated
the forest was dense and mysterious,description,descriptive,generated
the ocean waves moved rhythmically,description,descriptive,generated
you should plan your tasks carefully,advice,serious,self_help
focus on what truly matters in your life,advice,serious,self_help
try to maintain a healthy routine,advice,serious,self_help
it is important to stay disciplined,advice,formal,self_help
avoid unnecessary distractions,advice,serious,self_help
take time to reflect on your decisions,advice,formal,self_help
learn from your past experiences,advice,serious,self_help
do not rush important choices,advice,serious,self_help
keep your goals realistic and achievable,advice,serious,self_help
you should stay consistent with your efforts,advice,casual,self_help
always prioritize your well being,advice,serious,self_help
practice patience in difficult situations,advice,formal,self_help
listen more and speak less,advice,serious,self_help
try to improve a little every day,advice,casual,self_help
be mindful of your time and energy,advice,serious,self_help
believe in your ability to succeed,motivational,inspirational,quotes_dataset
never stop pushing forward,motivational,inspirational,quotes_dataset
success is built through persistence,motivational,inspirational,quotes_dataset
your efforts will pay off eventually,motivational,inspirational,quotes_dataset
every step counts no matter how small,motivational,inspirational,quotes_dataset
sometimes life feels heavy but you must continue,motivational,emotional,quotes_dataset
challenges are opportunities in disguise,motivational,inspirational,quotes_dataset
stay strong even during tough times,motivational,emotional,quotes_dataset
your mindset shapes your reality,motivational,serious,quotes_dataset
keep working even when you feel tired,motivational,emotional,quotes_dataset
growth requires stepping outside comfort,motivational,inspirational,quotes_dataset
you are capable of more than you think,motivational,inspirational,quotes_dataset
difficult times build stronger people,motivational,emotional,quotes_dataset
progress takes time and patience,motivational,serious,quotes_dataset
keep moving forward no matter what,motivational,inspirational,quotes_dataset
information systems manage and process data,informational,formal,wikipedia
artificial intelligence simulates human thinking,informational,formal,wikipedia
machine learning improves through experience,informational,formal,wikipedia
data analysis helps identify patterns,informational,formal,wikipedia
cloud computing enables remote storage,informational,formal,wikipedia
networks allow communication between devices,informational,formal,wikipedia
databases organize structured information,informational,formal,wikipedia
software engineering develops applications,informational,formal,wikipedia
cybersecurity protects digital systems,informational,formal,wikipedia
big data involves large scale datasets,informational,formal,wikipedia
programming enables automation of tasks,informational,formal,wikipedia
systems operate based on defined logic,informational,formal,wikipedia
data visualization presents insights clearly,informational,formal,wikipedia
computers process information efficiently,informational,formal,wikipedia
technology evolves rapidly over time,informational,formal,wikipedia
algorithms provide step by step solutions,explanation,formal,wikipedia
models learn patterns from training data,explanation,formal,wikipedia
features represent input variables in models,explanation,formal,wikipedia
classification groups data into categories,explanation,formal,wikipedia
regression predicts continuous outcomes,explanation,formal,wikipedia
clustering identifies similar data points,explanation,formal,wikipedia
training improves prediction accuracy,explanation,formal,wikipedia
validation ensures model generalization,explanation,formal,wikipedia
optimization enhances model performance,explanation,formal,wikipedia
neural networks process layered information,explanation,formal,wikipedia
deep learning uses multiple layers for learning,explanation,formal,wikipedia
parameters define model behavior,explanation,formal,wikipedia
data preprocessing improves input quality,explanation,formal,wikipedia
evaluation measures model performance,explanation,formal,wikipedia
learning occurs through repeated exposure,explanation,formal,wikipedia
a boy found a mysterious key that opened unknown doors,story,descriptive,generated
she walked through the rain thinking about her past,story,emotional,generated
the old castle stood silent under the dark sky,story,descriptive,generated
he chased his dreams despite constant rejection,story,inspirational,generated
the road ahead was uncertain but full of hope,story,inspirational,generated
she read the letter and tears filled her eyes,story,emotional,generated
the traveler never stopped exploring new places,story,serious,generated
the wind howled as the night grew darker,story,descriptive,generated
he learned that patience was his greatest strength,story,inspirational,generated
the silence of the room felt heavy and deep,story,emotional,generated
she took a step forward and changed her destiny,story,inspirational,generated
the story began with a single unexpected moment,story,serious,generated
the forest was alive with hidden sounds,story,descriptive,generated
he realized that failure was part of success,story,inspirational,generated
the journey shaped him into a stronger person,story,serious,generated
why did the laptop go to therapy it had too many issues,joke,funny,joke_dataset
what do you call a cow that plays guitar a moo sician,joke,funny,joke_dataset
why did the clock get kicked out it tocked too much,joke,funny,joke_dataset
what do you call a nervous javelin thrower shakespeare,joke,funny,joke_dataset
why did the computer break up it had too many bugs,joke,funny,joke_dataset
what do you call a bear in the rain a drizzly bear,joke,funny,joke_dataset
why did the phone feel lonely it had no signal,joke,funny,joke_dataset
what do you call a fish that practices medicine a sturgeon,joke,funny,joke_dataset
why did the light bulb fail it was not bright enough,joke,funny,joke_dataset
what do you call a cold dog a chili dog,joke,funny,joke_dataset
why did the computer freeze it left its windows open,joke,funny,joke_dataset
what do you call a duck that steals a robber ducky,joke,funny,joke_dataset
why did the car stop it ran out of gas,joke,funny,joke_dataset
what do you call a fake doctor a quack,joke,funny,joke_dataset
why did the orange stop rolling it ran out of juice,joke,funny,joke_dataset
hello i hope you are doing well today,conversational,casual,conversation_dataset
that sounds like something worth trying,conversational,casual,conversation_dataset
i completely understand your situation,conversational,emotional,conversation_dataset
that must have been really challenging,conversational,emotional,conversation_dataset
oh great another issue just perfect,conversational,sarcastic,generated
yeah because everything always goes smoothly right,conversational,sarcastic,generated
sure nothing could possibly go wrong here,conversational,sarcastic,generated
i will get back to you shortly,conversational,formal,conversation_dataset
please allow me to assist you with that,conversational,formal,conversation_dataset
thanks for letting me know about this,conversational,casual,conversation_dataset
i appreciate your feedback on this matter,conversational,formal,conversation_dataset
this sounds really difficult to handle,conversational,emotional,conversation_dataset
i can see why you feel that way,conversational,emotional,conversation_dataset
great just what we needed another delay,conversational,sarcastic,generated
i will make sure to look into this issue,conversational,formal,conversation_dataset
the sky was clear with a bright blue color,description,descriptive,generated
the room had a calm and peaceful atmosphere,description,descriptive,generated
the forest was dark and full of mystery,description,descriptive,generated
her voice carried a soft emotional tone,description,emotional,generated
the building looked modern and elegant,description,descriptive,generated
the street was crowded with moving cars,description,descriptive,generated
his expression showed deep concern,description,emotional,generated
the ocean looked vast and endless,description,descriptive,generated
the air felt fresh after the rain,description,descriptive,generated
the lights glowed softly in the distance,description,descriptive,generated
the silence created an eerie feeling,description,emotional,generated
the mountains stood tall and strong,description,descriptive,generated
the environment felt lively and energetic,description,descriptive,generated
the wind moved quietly through the trees,description,descriptive,generated
the house appeared old and abandoned,description,descriptive,generated
you should stay focused on your goals,advice,serious,self_help
take small consistent steps every day,advice,serious,self_help
try to avoid unnecessary distractions,advice,serious,self_help
it is important to manage your time wisely,advice,formal,self_help
learn to stay calm under pressure,advice,serious,self_help
always think before making decisions,advice,formal,self_help
focus on improving yourself gradually,advice,casual,self_help
stay disciplined even when it is hard,advice,serious,self_help
set clear priorities for your tasks,advice,formal,self_help
take breaks when needed to recharge,advice,casual,self_help
learn from your mistakes regularly,advice,serious,self_help
keep your expectations realistic,advice,serious,self_help
be patient with your progress,advice,formal,self_help
stay consistent with your efforts,advice,casual,self_help
believe in yourself no matter what,motivational,inspirational,quotes_dataset
never give up on your dreams,motivational,inspirational,quotes_dataset
success takes time and effort,motivational,serious,quotes_dataset
keep moving forward despite obstacles,motivational,inspirational,quotes_dataset
every failure is a learning opportunity,motivational,inspirational,quotes_dataset
sometimes life feels overwhelming but you must continue,motivational,emotional,quotes_dataset
growth happens through challenges,motivational,inspirational,quotes_dataset
keep pushing even when tired,motivational,emotional,quotes_dataset
small steps lead to big changes,motivational,inspirational,quotes_dataset
you are capable of achieving great things,motivational,inspirational,quotes_dataset
difficult times build strength,motivational,emotional,quotes_dataset
stay positive during tough moments,motivational,emotional,quotes_dataset
progress requires patience,motivational,serious,quotes_dataset
never stop improving yourself,motivational,inspirational,quotes_dataset
data science involves analyzing large datasets,informational,formal,wikipedia
machine learning improves systems automatically,informational,formal,wikipedia
artificial intelligence simulates human intelligence,informational,formal,wikipedia
cloud computing enables remote access,informational,formal,wikipedia
cybersecurity protects digital information,informational,formal,wikipedia
databases store organized data efficiently,informational,formal,wikipedia
networks connect systems for communication,informational,formal,wikipedia
big data handles complex data systems,informational,formal,wikipedia
programming allows automation of tasks,informational,formal,wikipedia
systems operate using defined logic,informational,formal,wikipedia
data visualization helps interpret data,informational,formal,wikipedia
computers process information quickly,informational,formal,wikipedia
digital systems rely on structured data,informational,formal,wikipedia
algorithms define steps to solve problems,explanation,formal,wikipedia
models learn patterns from input data,explanation,formal,wikipedia
features represent key data attributes,explanation,formal,wikipedia
classification categorizes data into groups,explanation,formal,wikipedia
regression predicts numerical outcomes,explanation,formal,wikipedia
training improves model performance,explanation,formal,wikipedia
validation ensures model accuracy,explanation,formal,wikipedia
optimization enhances efficiency,explanation,formal,wikipedia
deep learning uses complex structures,explanation,formal,wikipedia
parameters control model behavior,explanation,formal,wikipedia
preprocessing improves input data quality,explanation,formal,wikipedia
evaluation measures effectiveness,explanation,formal,wikipedia
learning improves with experience,explanation,formal,wikipedia
he opened the door and discovered a hidden world,story,descriptive,generated
she felt a deep sense of loss as she read the message,story,emotional,generated
the journey was difficult but full of growth,story,inspirational,generated
the silence in the room made him uneasy,story,serious,generated
they walked together under the glowing night sky,story,descriptive,generated
she overcame her fears and moved forward,story,inspirational,generated
the old house held memories of the past,story,emotional,generated
he realized his mistake too late,story,serious,generated
the wind carried whispers of forgotten times,story,descriptive,generated
she chose courage over fear,story,inspirational,generated
why did the pencil break it could not handle the pressure,joke,funny,joke_dataset
what do you call a lazy lion a lie in,joke,funny,joke_dataset
why did the computer get cold it left its windows open,joke,funny,joke_dataset
what do you call a fast duck a quick quack,joke,funny,joke_dataset
why did the cookie cry it felt crummy,joke,funny,joke_dataset
what do you call a smart dog a lab genius,joke,funny,joke_dataset
why did the phone go to school to improve its connections,joke,funny,joke_dataset
what do you call a cold elephant an ice pachyderm,joke,funny,joke_dataset
why did the chair break it could not support itself,joke,funny,joke_dataset
what do you call a musical fish a bass player,joke,funny,joke_dataset
i think you should give it some time,conversational,casual,conversation_dataset
that must have been really hard for you,conversational,emotional,conversation_dataset
oh great another problem just perfect,conversational,sarcastic,generated
i will handle this issue for you,conversational,formal,conversation_dataset
thanks for letting me know,conversational,casual,conversation_dataset
i understand your frustration,conversational,emotional,conversation_dataset
sure because everything always works fine,conversational,sarcastic,generated
please provide more details,conversational,formal,conversation_dataset
i appreciate your effort,conversational,casual,conversation_dataset
this situation sounds difficult,conversational,emotional,conversation_dataset
the sky was filled with dark clouds,description,descriptive,generated
the room felt warm and comfortable,description,descriptive,generated
her voice carried sadness,description,emotional,generated
the forest looked mysterious and deep,description,descriptive,generated
the street was crowded and noisy,description,descriptive,generated
his expression showed fear,description,emotional,generated
the building was tall and modern,description,descriptive,generated
the air felt fresh and cool,description,descriptive,generated
the silence was heavy,description,emotional,generated
the ocean looked endless,description,descriptive,generated
take small steps every day,advice,serious,self_help
try to stay consistent,advice,casual,self_help
it is important to plan ahead,advice,formal,self_help
avoid distractions while working,advice,serious,self_help
learn from your mistakes,advice,serious,self_help
take breaks when needed,advice,casual,self_help
be patient with yourself,advice,formal,self_help
stay disciplined in your routine,advice,serious,self_help
focus on improvement not perfection,advice,casual,self_help
never stop believing in yourself,motivational,inspirational,quotes_dataset
success comes through hard work,motivational,serious,quotes_dataset
keep going even when it is hard,motivational,emotional,quotes_dataset
growth takes time and effort,motivational,serious,quotes_dataset
every step matters,motivational,inspirational,quotes_dataset
you are stronger than you think,motivational,inspirational,quotes_dataset
failure teaches valuable lessons,motivational,inspirational,quotes_dataset
stay positive during tough times,motivational,emotional,quotes_dataset
progress is still progress,motivational,casual,quotes_dataset
never give up,motivational,inspirational,quotes_dataset
artificial intelligence enables automation,informational,formal,wikipedia
machine learning improves systems over time,informational,formal,wikipedia
data science analyzes patterns,informational,formal,wikipedia
cloud computing allows remote storage,informational,formal,wikipedia
cybersecurity protects systems,informational,formal,wikipedia
databases organize information,informational,formal,wikipedia
networks connect devices,informational,formal,wikipedia
software development builds programs,informational,formal,wikipedia
big data involves large datasets,informational,formal,wikipedia
programming enables automation,informational,formal,wikipedia
algorithms solve problems step by step,explanation,formal,wikipedia
models learn from data,explanation,formal,wikipedia
features represent input data,explanation,formal,wikipedia
classification groups data,explanation,formal,wikipedia
regression predicts values,explanation,formal,wikipedia
clustering finds patterns,explanation,formal,wikipedia
training improves accuracy,explanation,formal,wikipedia
validation checks performance,explanation,formal,wikipedia
neural networks process inputs,explanation,formal,wikipedia
the young artist painted his dreams onto the canvas,story,descriptive,generated
she held the letter tightly as memories flooded back,story,emotional,generated
the journey ahead was uncertain but full of hope,story,inspirational,generated
he stood silently watching the sun set behind the hills,story,descriptive,generated
the decision he made would change everything,story,serious,generated
she faced her fears and chose to move forward,story,inspirational,generated
the quiet room echoed with unspoken words,story,emotional,generated
the path through the forest was long and mysterious,story,descriptive,generated
he learned the importance of patience and resilience,story,inspirational,generated
the night felt heavy with tension,story,serious,generated
why did the computer bring a jacket it had a virus,joke,funny,joke_dataset
what do you call a lazy snake a slow python,joke,funny,joke_dataset
why did the tomato blush it saw the salad dressing,joke,funny,joke_dataset
what do you call a fish that can sing a tuna,joke,funny,joke_dataset
why did the laptop go to school to improve its skills,joke,funny,joke_dataset
what do you call a funny robot a laugh bot,joke,funny,joke_dataset
why did the book go to therapy it had too many issues,joke,funny,joke_dataset
what do you call a cold bird a chill eagle,joke,funny,joke_dataset
why did the keyboard break it lost control,joke,funny,joke_dataset
what do you call a smart cat a purr fessor,joke,funny,joke_dataset
hey i hope you are having a good day,conversational,casual,conversation_dataset
oh wow another issue how surprising,conversational,sarcastic,generated
yeah because everything always works perfectly,conversational,sarcastic,generated
sure lets just pretend nothing is wrong,conversational,sarcastic,generated
i will get back to you soon,conversational,formal,conversation_dataset
please allow me to assist you,conversational,formal,conversation_dataset
thank you for your understanding,conversational,formal,conversation_dataset
the garden was filled with bright colorful flowers,description,descriptive,generated
the sky was clear and blue,description,descriptive,generated
her voice carried a sense of sadness,description,emotional,generated
the building looked modern and sleek,description,descriptive,generated
his expression showed worry,description,emotional,generated
the wind was cold and refreshing,description,descriptive,generated
the ocean stretched endlessly,description,descriptive,generated
the silence was uncomfortable,description,emotional,generated
the house looked old and quiet,description,descriptive,generated
you should stay consistent with your work,advice,serious,self_help
take small steps toward your goals,advice,serious,self_help
try to stay focused on what matters,advice,casual,self_help
it is important to manage your time,advice,formal,self_help
learn from your experiences,advice,serious,self_help
focus on improvement every day,advice,casual,self_help
never stop believing in your dreams,motivational,inspirational,quotes_dataset
success requires patience and effort,motivational,serious,quotes_dataset
growth comes from challenges,motivational,inspirational,quotes_dataset
stay positive even during tough times,motivational,emotional,quotes_dataset
progress is progress no matter how small,motivational,casual,quotes_dataset
never give up on your goals,motivational,inspirational,quotes_dataset
artificial intelligence helps automate tasks,informational,formal,wikipedia
cloud computing enables remote data access,informational,formal,wikipedia
networks connect devices globally,informational,formal,wikipedia
big data involves large scale processing,informational,formal,wikipedia
programming allows system control,informational,formal,wikipedia
models learn patterns from data,explanation,formal,wikipedia
features represent important variables,explanation,formal,wikipedia
classification groups similar data,explanation,formal,wikipedia
regression predicts numerical values,explanation,formal,wikipedia
clustering identifies patterns,explanation,formal,wikipedia
neural networks process layered data,explanation,formal,wikipedia
everything is going exactly as planned obviously,conversational,sarcastic,generated
amazing another unexpected issue just great,conversational,sarcastic,generated
sure this is definitely the best outcome,conversational,sarcastic,generated
great timing for another problem,conversational,sarcastic,generated
the boy walked alone through the quiet village,story,descriptive,generated
she held onto hope despite everything falling apart,story,emotional,generated
the journey was long but meaningful,story,inspirational,generated
he faced his fears and kept moving forward,story,inspirational,generated
the silence around them felt heavy and tense,story,serious,generated
the forest was deep and full of hidden paths,story,descriptive,generated
she smiled through the pain and continued,story,emotional,generated
the road ahead was uncertain yet exciting,story,inspirational,generated
he realized that every failure taught him something,story,serious,generated
the night sky shimmered with countless stars,story,descriptive,generated
why did the computer go to sleep it was tired,joke,funny,joke_dataset
what do you call a funny mountain hillarious,joke,funny,joke_dataset
why did the phone get promoted it had good connections,joke,funny,joke_dataset
why did the student bring a ladder to school to reach high grades,joke,funny,joke_dataset
what do you call a fish without eyes fsh,joke,funny,joke_dataset
why did the book stay sad it had too many problems,joke,funny,joke_dataset
what do you call a smart bird a wise owl,joke,funny,joke_dataset
why did the computer break it had too many errors,joke,funny,joke_dataset
what do you call a lazy dog a nap hound,joke,funny,joke_dataset
hey i just wanted to check how you are doing,conversational,casual,conversation_dataset
that sounds like a great idea honestly,conversational,casual,conversation_dataset
i understand how you feel about this,conversational,emotional,conversation_dataset
sure nothing could go wrong here at all,conversational,sarcastic,generated
i will look into this and get back to you,conversational,formal,conversation_dataset
please let me know if you need assistance,conversational,formal,conversation_dataset
thank you for your patience,conversational,formal,conversation_dataset
the sky was painted with shades of orange and pink,description,descriptive,generated
the room felt warm and inviting,description,descriptive,generated
her voice carried deep emotion,description,emotional,generated
the forest looked dark and mysterious,description,descriptive,generated
the street was full of life and energy,description,descriptive,generated
his face showed signs of worry,description,emotional,generated
the wind felt cold against his skin,description,descriptive,generated
the silence created tension in the room,description,emotional,generated
the ocean stretched endlessly beyond the horizon,description,descriptive,generated
avoid distractions when working,advice,serious,self_help
learn from your mistakes and improve,advice,serious,self_help
take breaks when necessary,advice,casual,self_help
keep pushing forward no matter what,motivational,inspirational,quotes_dataset
growth comes from facing challenges,motivational,inspirational,quotes_dataset
every small step matters,motivational,inspirational,quotes_dataset
data science helps extract useful insights,informational,formal,wikipedia
machine learning improves system performance,informational,formal,wikipedia
cloud computing allows remote data storage,informational,formal,wikipedia
big data involves processing large datasets,informational,formal,wikipedia
features represent key inputs,explanation,formal,wikipedia
clustering identifies patterns in data,explanation,formal,wikipedia
training improves model accuracy,explanation,formal,wikipedia
validation ensures reliability,explanation,formal,wikipedia
optimization improves performance,explanation,formal,wikipedia
he walked into the unknown with courage in his heart,story,inspirational,generated
she remembered the past and felt a wave of emotions,story,emotional,generated
the village remained silent under the dark sky,story,descriptive,generated
he made a choice that changed his future forever,story,serious,generated
the journey ahead was filled with uncertainty,story,serious,generated
she believed in herself despite all doubts,story,inspirational,generated
the wind whispered through the empty streets,story,descriptive,generated
he learned that patience leads to success,story,inspirational,generated
the night felt long and heavy,story,emotional,generated
the path through the forest was unclear,story,descriptive,generated
what do you call a funny cat a purr comedian,joke,funny,joke_dataset
why did the computer feel cold it left its windows open,joke,funny,joke_dataset
what do you call a fish that works a job a worker fish,joke,funny,joke_dataset
why did the student stay calm he was well prepared,joke,funny,joke_dataset
what do you call a happy dog a joyful pup,joke,funny,joke_dataset
why did the chair feel tired it had too much weight,joke,funny,joke_dataset
what do you call a smart fox a clever fox,joke,funny,joke_dataset
why did the phone go silent it lost its signal,joke,funny,joke_dataset
what do you call a fast bird a speed hawk,joke,funny,joke_dataset
hey how have you been lately,conversational,casual,conversation_dataset
that sounds like something you should try,conversational,casual,conversation_dataset
that must have been really stressful,conversational,emotional,conversation_dataset
oh great another issue just what we needed,conversational,sarcastic,generated
yeah because everything always goes perfectly,conversational,sarcastic,generated
please let me know how i can help,conversational,formal,conversation_dataset
thank you for your cooperation,conversational,formal,conversation_dataset
the sky looked calm and clear,description,descriptive,generated
her voice carried deep sadness,description,emotional,generated
the forest appeared dark and mysterious,description,descriptive,generated
the street was busy and loud,description,descriptive,generated
the building looked tall and modern,description,descriptive,generated
the silence created tension,description,emotional,generated
try to stay focused on your priorities,advice,casual,self_help
data science helps analyze large datasets,informational,formal,wikipedia
databases organize information efficiently,informational,formal,wikipedia
software engineering builds applications,informational,formal,wikipedia
big data involves processing large information,informational,formal,wikipedia
features represent key variables,explanation,formal,wikipedia
training improves accuracy over time,explanation,formal,wikipedia
neural networks process data layers,explanation,formal,wikipedia
